target_sensitivity,selected_threshold,cal_sensitivity,cal_specificity,cal_precision,cal_referral_rate,cal_false_negatives,val_sensitivity,val_specificity,val_precision,val_referral_rate,val_false_negatives,val_false_positives
0.95,0.047,0.9507042253521126,0.44490216271884653,0.20029673590504452,0.605570530098832,7,0.9681274900398407,0.4722222222222222,0.22520852641334568,0.5880108991825613,8,836
0.98,0.024,0.9859154929577465,0.30895983522142123,0.17262638717632553,0.7286612758310872,2,0.9800796812749004,0.32575757575757575,0.1872146118721461,0.7160762942779292,5,1068
0.99,0.014,0.9929577464788732,0.20803295571575695,0.15494505494505495,0.8176100628930818,1,0.9960159362549801,0.22285353535353536,0.1688048615800135,0.8070844686648502,1,1231
