target_sensitivity,selected_threshold,cal_sensitivity,cal_specificity,cal_precision,cal_referral_rate,cal_false_negatives,val_sensitivity,val_specificity,val_precision,val_referral_rate,val_false_negatives,val_false_positives
0.95,0.047,0.9507042253521126,0.44490216271884653,0.20029673590504452,0.605570530098832,7,0.9681274900398407,0.47285353535353536,0.22541743970315398,0.5874659400544959,8,835
0.98,0.024,0.9859154929577465,0.30895983522142123,0.17262638717632553,0.7286612758310872,2,0.9800796812749004,0.32575757575757575,0.1872146118721461,0.7160762942779292,5,1068
0.99,0.014,0.9929577464788732,0.2070030895983522,0.15477497255762898,0.8185085354896675,1,0.9960159362549801,0.22411616161616163,0.16903313049357674,0.8059945504087194,1,1229
