model,target_sensitivity,selected_threshold,cal_sensitivity,cal_specificity,cal_referral_rate,test_sensitivity,test_specificity,test_precision,test_referral_rate,test_false_negatives,test_false_positives
classical_gmm,0.95,0.0,1.0,0.0,1.0,1.0,0.0,0.10752688172043011,1.0,0,1660
classical_gmm,0.98,0.0,1.0,0.0,1.0,1.0,0.0,0.10752688172043011,1.0,0,1660
classical_gmm,0.99,0.0,1.0,0.0,1.0,1.0,0.0,0.10752688172043011,1.0,0,1660
deep_efficientnet,0.95,0.018000000000000002,0.9507042253521126,0.3722570532915361,0.6600846262341326,0.975,0.3566265060240964,0.1543942992874109,0.6790322580645162,5,1068
deep_efficientnet,0.98,0.012,0.9859154929577465,0.28605015673981193,0.7411847672778561,0.98,0.28373493975903613,0.14151624548736463,0.7446236559139785,4,1189
deep_efficientnet,0.99,0.009000000000000001,0.9929577464788732,0.24059561128526646,0.7827926657263752,0.985,0.23493975903614459,0.13428766189502386,0.7887096774193548,3,1270
