metric,value
gmm_auc_subsample,0.7544441374228608
efficientnet_auc,0.8578539377842167
brier_score,0.08945337441909088
ece,0.019500644908004953
calibration_ece,0.01574661667054554
platt_a,1.0484713315963745
platt_b,-0.2585781216621399
mc_passes,30.0
