metric,value
classical_gmm_test_auc,0.8049472891566265
deep_efficientnet_test_auc,0.8198915662650603
deep_brier_score_test,0.0803771678173189
deep_ece_test_calibrated,0.017819664202710632
deep_ece_test_raw,0.06726113470391401
deep_ece_cal_split,0.023153614491875824
classical_ece_test,0.14304363525904754
platt_a,1.1838407516479492
platt_b,-0.5570652484893799
mc_passes,30
fine_tune_backbone,True
primary_cost_fn_fp,10:1
primary_cost_threshold,0.09090909090909091
