metric,value
gmm_auc_subsample,0.7836111878665071
efficientnet_auc,0.8578639985512495
brier_score,0.089451185788862
ece,0.01928043737703026
calibration_ece,0.015564911228145229
platt_a,1.0485624074935913
platt_b,-0.25857454538345337
mc_passes,30.0
