metric,value
gmm_auc_subsample,0.7836111878665071
efficientnet_auc,0.8578338162501509
brier_score,0.08945077338684713
ece,0.020366622844573915
calibration_ece,0.0155681523578936
platt_a,1.048430323600769
platt_b,-0.258602499961853
mc_passes,30.0
