ratio,threshold,sensitivity,specificity,precision,referral_rate,false_negatives,false_positives
1:1,0.5,0.21912350597609562,0.9861111111111112,0.7142857142857143,0.041961852861035424,196,22
5:1,0.16666666666666666,0.7768924302788844,0.7815656565656566,0.36044362292051757,0.29482288828337877,56,346
10:1,0.09090909090909091,0.9083665338645418,0.6193181818181818,0.2743682310469314,0.45286103542234335,23,603
20:1,0.047619047619047616,0.9681274900398407,0.47474747474747475,0.22604651162790698,0.5858310626702997,8,832
